role_id,permission_id
a2222222-0000-0000-0000-000000000001,5cd7f900-aab2-4f4f-aae1-dfcf611d9e1b
a2222222-0000-0000-0000-000000000001,a724f72e-c5ad-47b0-88e6-a9780e809fc8
a2222222-0000-0000-0000-000000000002,5cd7f900-aab2-4f4f-aae1-dfcf611d9e1b
a2222222-0000-0000-0000-000000000002,a724f72e-c5ad-47b0-88e6-a9780e809fc8
a2222222-0000-0000-0000-000000000002,46fc0df3-b62f-4b50-b2b7-d09fac7b224e
a2222222-0000-0000-0000-000000000003,5cd7f900-aab2-4f4f-aae1-dfcf611d9e1b
a2222222-0000-0000-0000-000000000003,a724f72e-c5ad-47b0-88e6-a9780e809fc8
a2222222-0000-0000-0000-000000000004,5cd7f900-aab2-4f4f-aae1-dfcf611d9e1b
a2222222-0000-0000-0000-000000000004,35c2d119-48ed-4e5b-bafc-24c07036c440
a2222222-0000-0000-0000-000000000004,46fc0df3-b62f-4b50-b2b7-d09fac7b224e
a2222222-0000-0000-0000-000000000005,5cd7f900-aab2-4f4f-aae1-dfcf611d9e1b
a2222222-0000-0000-0000-000000000005,a724f72e-c5ad-47b0-88e6-a9780e809fc8
a2222222-0000-0000-0000-000000000005,918296d3-c772-48ae-b30a-32322e0b8ae0
a2222222-0000-0000-0000-000000000005,35c2d119-48ed-4e5b-bafc-24c07036c440
a2222222-0000-0000-0000-000000000005,46fc0df3-b62f-4b50-b2b7-d09fac7b224e
a2222222-0000-0000-0000-000000000001,46fc0df3-b62f-4b50-b2b7-d09fac7b224e
a2222222-0000-0000-0000-000000000001,918296d3-c772-48ae-b30a-32322e0b8ae0
a2222222-0000-0000-0000-000000000001,35c2d119-48ed-4e5b-bafc-24c07036c440
a2222222-0000-0000-0000-000000000001,04fa7476-923b-4281-b1f4-d21e20c66905
